"kode","uraian"
"4.1","PENDAPATAN ASLI DAERAH (PAD)"
"4.1.01","Pajak Daerah"
"4.1.01.09","Pajak Reklame"
"4.1.01.09.001","Pajak Reklame Papan/Billboard/Videotron/ Megatron"
"4.1.01.09.001.00001","Pajak Reklame Papan/Billboard/Videotron/ Megatron"
"4.1.01.09.002","Pajak Reklame Kain"
"4.1.01.09.002.00001","Pajak Reklame Kain"
"4.1.01.09.003","Pajak Reklame Melekat/Stiker"
"4.1.01.09.003.00001","Pajak Reklame Melekat/Stiker"
"4.1.01.09.005","Pajak Reklame Berjalan"
"4.1.01.09.005.00001","Pajak Reklame Berjalan"
"4.1.01.12","Pajak Air Tanah"
"4.1.01.12.001","Pajak Air Tanah"
"4.1.01.12.001.00001","Pajak Air Tanah"
"4.1.01.14","Pajak Mineral Bukan Logam dan Batuan"
"4.1.01.14.037","Pajak Mineral bukan Logam dan Batuan Lainnya"
"4.1.01.14.037.00001","Pajak Mineral bukan Logam dan Batuan Lainnya"
"4.1.01.15","Pajak Bumi dan Bangunan Perdesaan dan Perkotaan (PBBP2)"
"4.1.01.15.001","PBBP2"
"4.1.01.15.001.00001","PBBP2"
"4.1.01.16","Bea Perolehan Hak Atas Tanah dan Bangunan (BPHTB)"
"4.1.01.16.001","BPHTB-Pemindahan Hak"
"4.1.01.16.001.00001","BPHTB-Pemindahan Hak"
"4.1.01.19","Pajak Barang dan Jasa Tertentu (PBJT)"
"4.1.01.19.001","PBJT-Makanan dan/atau Minuman"
"4.1.01.19.001.00001","PBJT-Restoran"
"4.1.01.19.002","PBJT-Tenaga Listrik"
"4.1.01.19.002.00001","PBJT-Konsumsi Tenaga Listrik dari Sumber Lain"
"4.1.01.19.003","PBJT-Jasa Perhotelan"
"4.1.01.19.003.00001","PBJT-Hotel"
"4.1.01.19.004","PBJT-Hotel"
"4.1.01.19.004.00001","PBJT-Penyediaan atau Penyelenggaraan Tempat Parkir"
"4.1.01.19.005","PBJT-Jasa Kesenian dan Hiburan"
"4.1.01.19.005.00008","PBJT-Permainan Ketangkasan"
"4.1.01.19.005.00009","PBJT-Olahraga Permainan dengan Menggunakan Tempat/Ruang dan/atau Peralatan dan Perlengkapan untuk Olahraga dan Kebugaran"
"4.1.01.19.005.00010","PBJT-Rekreasi Wahana Air, Wahana Ekologi, Wahana Pendidikan, Wahana Budaya, Wahana Salju, Wahana Permainan, Pemancingan, Agrowisata, dan Kebun Binatang"
"4.1.01.19.005.00012","PBJT-Distkotek, Karaoke, Kelab Malam, Bar, dan Mandi Uap/Spa"
"4.1.01.20","Opsen Pajak Kendaraan Bermotor (PKB)"
"4.1.01.20.001","Opsen PKB"
"4.1.01.20.001.00001","Opsen PKB"
"4.1.01.21","Opsen Bea Balik Nama Kendaraan Bermotor (BBNKB)"
"4.1.01.21.001","Opsen BBNKB"
"4.1.01.21.001.00001","Opsen BBNKB"
"4.1.02","Retribusi Daerah"
"4.1.02.01","Retribusi Jasa Umum"
"4.1.02.01.001","Retribusi Pelayanan Kesehatan"
"4.1.02.01.001.00001","Retribusi Pelayanan Kesehatan di Puskesmas"
"4.1.02.01.001.00005","Retribusi Pelayanan Kesehatan di Rumah Sakit Umum Daerah"
"4.1.02.01.001.00006","Retribusi Pelayanan Kesehatan di Tempat Pelayanan Kesehatan Lainnya yang Sejenis"
"4.1.02.01.002","Retribusi Pelayanan Persampahan/ Kebersihan"
"4.1.02.01.002.00001","Retribusi Pelayanan Persampahan/ Kebersihan"
"4.1.02.01.004","Retribusi Pelayanan Parkir di Tepi Jalan Umum"
"4.1.02.01.004.00001","Retribusi Penyediaan Pelayanan Parkir di Tepi Jalan Umum"
"4.1.02.02","Retribusi Jasa Usaha"
"4.1.02.02.001","Retribusi Pemakaian Kekayaan Daerah"
"4.1.02.02.001.00001","Retribusi Penyewaan Tanah dan Bangunan"
"4.1.02.02.001.00003","Retribusi Penyewaan Bangunan"
"4.1.02.02.001.00007","Retribusi Pemakaian Alat"
"4.1.02.02.002","Retribusi Pasar Grosir dan/atau Pertokoan"
"4.1.02.02.002.00001","Retribusi Penyediaan Fasilitas Pasar Grosir Berbagai Jenis Barang yang Dikontrakkan"
"4.1.02.02.005","Retribusi Tempat Khusus Parkir"
"4.1.02.02.005.00001","Retribusi Pelayanan Tempat Khusus Parkir"
"4.1.02.02.007","Retribusi Rumah Potong Hewan"
"4.1.02.02.007.00001","Retribusi Pelayanan Rumah Potong Hewan"
"4.1.02.02.009","Retribusi Tempat Rekreasi dan Olahraga"
"4.1.02.02.009.00001","Retribusi Pelayanan Tempat Rekreasi dan Olahraga"
"4.1.02.03","Retribusi Perizinan Tertentu"
"4.1.02.03.007","Retribusi Persetujuan Bangunan Gedung"
"4.1.02.03.007.00001","Retribusi Persetujuan Bangunan Gedung"
"4.1.03","Hasil Pengelolaan Kekayaan Daerah yang Dipisahkan"
"4.1.03.02","Bagian Laba yang Dibagikan kepada Pemerintah Daerah (Dividen) atas Penyertaan Modal pada BUMD"
"4.1.03.02.001","Bagian Laba yang Dibagikan kepada Pemerintah Daerah (Dividen) atas Penyertaan Modal pada BUMD (Lembaga Keuangan)"
"4.1.03.02.001.00001","Bagian Laba yang Dibagikan kepada Pemerintah Daerah (Dividen) atas Penyertaan Modal pada BUMD (Lembaga Keuangan)"
"4.1.03.02.003","Bagian Laba yang Dibagikan kepada Pemerintah Daerah (Dividen) atas Penyertaan Modal pada BUMD (Bidang Air Minum)"
"4.1.03.02.003.00001","Bagian Laba yang Dibagikan kepada Pemerintah Daerah (Dividen) atas Penyertaan Modal pada Perusahaan Milik Daerah/BUMD (Bidang Air Minum)"
"4.1.04","Lain-lain PAD yang Sah"
"4.1.04.01","Hasil Penjualan BMD yang Tidak Dipisahkan"
"4.1.04.01.008","Hasil Penjualan Aset Lain-Lain"
"4.1.04.01.008.00001","Hasil Penjualan Aset Lain-Lain-Aset Lain-Lain-Aset Rusak Berat/Usang"
"4.1.04.05","Jasa Giro"
"4.1.04.05.001","Jasa Giro pada Kas Daerah"
"4.1.04.05.001.00001","Jasa Giro pada Kas Daerah"
"4.1.04.07","Pendapatan Bunga"
"4.1.04.07.001","Pendapatan Bunga atas Penempatan Uang Pemerintah Daerah"
"4.1.04.07.001.00001","Pendapatan Bunga atas Penempatan Uang Pemerintah Daerah"
"4.1.04.11","Pendapatan Denda atas Keterlambatan Pelaksanaan Pekerjaan"
"4.1.04.11.001","Pendapatan Denda atas Keterlambatan Pelaksanaan Pekerjaan"
"4.1.04.11.001.00001","Pendapatan Denda atas Keterlambatan Pelaksanaan Pekerjaan"
"4.1.04.15","Pendapatan dari Pengembalian"
"4.1.04.15.004","Pendapatan dari Pengembalian Kelebihan Pembayaran Perjalanan Dinas"
"4.1.04.15.004.00001","Pendapatan dari Pengembalian Kelebihan Pembayaran Perjalanan Dinas Dalam Negeri-Perjalanan Dinas Biasa"
"4.1.04.15.004.00002","Pendapatan dari Pengembalian Kelebihan Pembayaran Perjalanan Dinas Dalam Negeri-Perjalanan Dinas Tetap"
"4.1.04.15.004.00003","Pendapatan dari Pengembalian Kelebihan Pembayaran Perjalanan Dinas Dalam Negeri-Perjalanan Dinas Dalam Kota"
"4.1.04.15.008","Pendapatan dari Pengembalian Kelebihan Pembayaran Belanja Gaji dan Tunjangan ASN"
"4.1.04.15.008.00001","Pendapatan dari Pengembalian Kelebihan Pembayaran Belanja Gaji Pokok ASN-Gaji Pokok PNS"
"4.1.04.15.008.00002","Pendapatan dari Pengembalian Kelebihan Pembayaran Belanja Gaji Pokok ASN-Gaji Pokok PPPK"
"4.1.04.15.016","Pendapatan dari Pengembalian Kelebihan Pembayaran Belanja Jasa"
"4.1.04.15.016.00086","Pendapatan dari Pengembalian Kelebihan Pembayaran Belanja Iuran Jaminan/Asuransi-Pembayaran Pelayanan Kesehatan di luar Cakupan Layanan BPJS"
"4.1.04.15.016.01236","Pendapatan dari Pengembalian Kelebihan Pembayaran Belanja Jasa Kerja Sama Pemungutan Pajak Daerah-BPHTB-Pemindahan Hak"
"4.1.04.15.082","Pendapatan dari Pengembalian Kelebihan Pembayaran Belanja Bantuan Keuangan Daerah Provinsi ke Kabupaten/Kota"
"4.1.04.15.082.00002","Pendapatan dari Pengembalian Kelebihan Pembayaran Belanja Bantuan Keuangan Khusus Daerah Provinsi ke Kabupaten/Kota-Bantuan Keuangan Khusus Daerah Provinsi ke Kabupaten/Kota"
"4.1.04.16","Pendapatan BLUD"
"4.1.04.16.002","Pendapatan BLUD dari Jasa Layanan"
"4.1.04.16.002.00001","Pendapatan BLUD dari Jasa Layanan"
"4.1.04.27","Pendapatan atas Sanksi Administrasi Pajak Daerah"
"4.1.04.27.001","Pendapatan Denda Pajak Daerah"
"4.1.04.27.001.00043","Pendapatan Denda Pajak Hotel"
"4.1.04.27.001.00051","Pendapatan Denda Pajak Restoran dan Sejenisnya"
"4.1.04.27.001.00068","Pendapatan Denda Pajak Reklame Papan/Billboard/Videotron/Megatron"
"4.1.04.27.001.00069","Pendapatan Denda Pajak Reklame Kain"
"4.1.04.27.001.00080","Pendapatan Denda Pajak Parkir"
"4.1.04.27.001.00081","Pendapatan Denda Pajak Air Tanah"
"4.1.04.27.001.00122","Pendapatan Denda PBBP2"
"4.2","PENDAPATAN TRANSFER"
"4.2.01","Pendapatan Transfer Pemerintah Pusat"
"4.2.01.05","Dana Desa"
"4.2.01.05.001","Dana Desa"
"4.2.01.05.001.00001","Dana Desa"
"4.2.01.06","Insentif Fiskal"
"4.2.01.06.003","Insentif Fiskal Untuk Penghargaan Kinerja Tahun Berjalan"
"4.2.01.06.003.00001","Insentif Fiskal Untuk Penghargaan Kinerja Tahun Berjalan"
"4.2.01.07","Dana Bagi Hasil (DBH)"
"4.2.01.07.001","DBH Pajak"
"4.2.01.07.001.00001","DBH PBB"
"4.2.01.07.001.00002","DBH PPh Pasal 21"
"4.2.01.07.001.00003","DBH PPh Pasal 25 dan Pasal 29/WPOPDN"
"4.2.01.07.001.00004","DBH Cukai Hasil Tembakau (CHT)"
"4.2.01.07.002","DBH Sumber Daya Alam (SDA)"
"4.2.01.07.002.00001","DBH SDA Minyak Bumi"
"4.2.01.07.002.00002","DBH SDA Gas Bumi"
"4.2.01.07.002.00004","DBH SDA Mineral dan Batubara-Landrent"
"4.2.01.07.002.00005","DBH SDA Mineral dan Batubara-Royalty"
"4.2.01.07.002.00006","DBH SDA Kehutanan-Provisi Sumber Daya Hutan (PSDH)"
"4.2.01.07.002.00008","DBH SDA Kehutanan-Dana Reboisasi (DR)"
"4.2.01.07.002.00009","DBH SDA Perikanan"
"4.2.01.07.003","DBH Lainnya"
"4.2.01.07.003.00001","DBH Sawit"
"4.2.01.08","Dana Alokasi Umum (DAU)"
"4.2.01.08.001","DAU yang Tidak Ditentukan Penggunaannya"
"4.2.01.08.001.00001","DAU"
"4.2.01.08.002","DAU yang Ditentukan Penggunaannya"
"4.2.01.08.002.00001","DAU Tambahan Dukungan Pendanaan Kelurahan"
"4.2.01.08.002.00003","DAU Tambahan Dukungan Pendanaan atas Kebijakan Penggajian Pegawai Pemerintah dengan Perjanjian Kerja"
"4.2.01.08.002.00004","DAU yang Ditentukan Penggunaannya Bidang Pendidikan"
"4.2.01.08.002.00005","DAU yang Ditentukan Penggunaannya Bidang Kesehatan"
"4.2.01.08.002.00006","DAU yang Ditentukan Penggunaannya Bidang Pekerjaan Umum"
"4.2.01.09","Dana Alokasi Khusus (DAK)"
"4.2.01.09.001","DAK Fisik"
"4.2.01.09.001.00013","DAK Fisik-Bidang Kesehatan dan
KB-Reguler-Pelayanan Kesehatan Dasar"
"4.2.01.09.002","DAK Non Fisik"
"4.2.01.09.002.00001","DAK Non Fisik-BOS Reguler"
"4.2.01.09.002.00004","DAK Non Fisik-TPG PNSD"
"4.2.01.09.002.00005","DAK Non Fisik-Tamsil Guru PNSD"
"4.2.01.09.002.00007","DAK Non Fisik-BOP PAUD"
"4.2.01.09.002.00008","DAK Non Fisik-BOP Pendidikan Kesetaraan"
"4.2.01.09.002.00012","DAK Non Fisik-BOKKB-Pengawasan Obat dan Makanan"
"4.2.01.09.002.00021","DAK Non Fisik-BOKB-KB"
"4.2.01.09.002.00022","DAK Non Fisik-Dana Pelayanan Perlindungan Perempuan dan Anak"
"4.2.01.09.002.00023","DAK Non Fisik-Dana Ketahanan Pangan dan Pertanian"
"4.2.01.09.002.00033","DAK Non Fisik-Dana BOK-BOK Dinas-BOK Kabupaten/Kota"
"4.2.01.09.002.00035","DAK Non Fisik-Dana BOK-BOK Puskesmas"
"4.2.01.09.002.00041","DAK Non Fisik-Dana Bantuan Pengembangan Program Perpustakaan Daerah"
"4.2.02","Pendapatan Transfer Antar Daerah"
"4.2.02.01","Pendapatan Bagi Hasil"
"4.2.02.01.001","Pendapatan Bagi Hasil Pajak"
"4.2.02.01.001.00001","Pendapatan Bagi Hasil Pajak Kendaraan Bermotor"
"4.2.02.01.001.00002","Pendapatan Bagi Hasil Bea Balik Nama Kendaraan Bermotor"
"4.2.02.01.001.00003","Pendapatan Bagi Hasil Pajak Bahan Bakar Kendaraan Bermotor"
"4.2.02.01.001.00004","Pendapatan Bagi Hasil Pajak Air Permukaan"
"4.2.02.01.001.00005","Pendapatan Bagi Hasil Pajak Rokok"
"4.2.02.02","Bantuan Keuangan"
"4.2.02.02.001","Bantuan Keuangan Umum dari Pemerintah Provinsi"
"4.2.02.02.001.00001","Bantuan Keuangan Umum dari Pemerintah Daerah Provinsi"
"4.3","LAIN-LAIN PENDAPATAN DAERAH YANG SAH"
"4.3.01 ","Pendapatan Hibah "
"4.3.01.01 ","Pendapatan Hibah dari Pemerintah Pusat"
" 4.3.01.01.01 ","Pendapatan Hibah dari Pemerintah Pusat"
"4.3.02 ","Dana Darurat "
"4.3.02.01 ","Dana Darurat "
"4.3.02.01.01 ","Dana Darurat"
"4.3.03","Lain-lain Pendapatan Sesuai dengan Ketentuan Peraturan Perundang-Undangan"
"4.3.03.02","Pendapatan Dana Kapitasi JKN pada FKTP"
"4.3.03.02.001","Pendapatan Dana Kapitasi JKN pada FKTP"
"4.3.03.02.001.00001","Pendapatan Dana Kapitasi JKN pada FKTP"
"5","BELANJA DAERAH"
"5.1","BELANJA OPERASI"
"5.1.01","Belanja Pegawai"
"5.1.01.01","Belanja Gaji dan Tunjangan ASN"
"5.1.01.01.001","Belanja Gaji Pokok ASN"
"5.1.01.01.001.00001","Belanja Gaji Pokok PNS"
"5.1.01.01.001.00002","Belanja Gaji Pokok PPPK"
"5.1.01.01.002","Belanja Tunjangan Keluarga ASN"
"5.1.01.01.002.00001","Belanja Tunjangan Keluarga PNS"
"5.1.01.01.002.00002","Belanja Tunjangan Keluarga PPPK"
"5.1.01.01.003","Belanja Tunjangan Jabatan ASN"
"5.1.01.01.003.00001","Belanja Tunjangan Jabatan PNS"
"5.1.01.01.003.00002","Belanja Tunjangan Jabatan PPPK"
"5.1.01.01.004","Belanja Tunjangan Fungsional ASN"
"5.1.01.01.004.00001","Belanja Tunjangan Fungsional PNS"
"5.1.01.01.004.00002","Belanja Tunjangan Fungsional PPPK"
"5.1.01.01.005","Belanja Tunjangan Fungsional Umum ASN"
"5.1.01.01.005.00001","Belanja Tunjangan Fungsional Umum PNS"
"5.1.01.01.005.00002","Belanja Tunjangan Fungsional Umum PPPK"
"5.1.01.01.006","Belanja Tunjangan Beras ASN"
"5.1.01.01.006.00001","Belanja Tunjangan Beras PNS"
"5.1.01.01.006.00002","Belanja Tunjangan Beras PPPK"
"5.1.01.01.007","Belanja Tunjangan PPh/Tunjangan Khusus ASN"
"5.1.01.01.007.00001","Belanja Tunjangan PPh/Tunjangan Khusus PNS"
"5.1.01.01.007.00002","Belanja Tunjangan PPh/Tunjangan Khusus PPPK"
"5.1.01.01.008","Belanja Pembulatan Gaji ASN"
"5.1.01.01.008.00001","Belanja Pembulatan Gaji PNS"
"5.1.01.01.008.00002","Belanja Pembulatan Gaji PPPK"
"5.1.01.01.009","Belanja Iuran Jaminan Kesehatan ASN"
"5.1.01.01.009.00001","Belanja Iuran Jaminan Kesehatan PNS"
"5.1.01.01.009.00002","Belanja Iuran Jaminan Kesehatan PPPK"
"5.1.01.01.010","Belanja Iuran Jaminan Kecelakaan Kerja ASN"
"5.1.01.01.010.00001","Belanja Iuran Jaminan Kecelakaan Kerja PNS"
"5.1.01.01.010.00002","Belanja Iuran Jaminan Kecelakaan Kerja PPPK"
"5.1.01.01.011","Belanja Iuran Jaminan Kematian ASN"
"5.1.01.01.011.00001","Belanja Iuran Jaminan Kematian PNS"
"5.1.01.01.011.00002","Belanja Iuran Jaminan Kematian PPPK"
"5.1.01.01.012","Belanja Iuran Simpanan Peserta Tabungan Perumahan Rakyat ASN"
"5.1.01.01.012.00001","Belanja Iuran Simpanan Peserta Tabungan Perumahan Rakyat PNS"
"5.1.01.01.012.00002","Belanja Iuran Simpanan Peserta Tabungan Perumahan Rakyat PPPK"
"5.1.01.02","Belanja Tambahan Penghasilan ASN"
"5.1.01.02.001","Tambahan Penghasilan berdasarkan Beban Kerja ASN"
"5.1.01.02.001.00001","Tambahan Penghasilan berdasarkan Beban Kerja PNS"
"5.1.01.02.001.00002","Tambahan Penghasilan berdasarkan Beban Kerja PPPK"
"5.1.01.02.004","Tambahan Penghasilan berdasarkan Kelangkaan Profesi ASN"
"5.1.01.02.004.00001","Tambahan Penghasilan berdasarkan Kelangkaan Profesi PNS"
"5.1.01.02.006","Tambahan Penghasilan berdasarkan Pertimbangan Objektif Lainnya ASN"
"5.1.01.02.006.00022","Belanja Insentif bagi ASN atas Pemungutan Retribusi Daerah-Retribusi Jasa
Umum-Pelayanan Kesehatan"
"5.1.01.02.006.00064","Belanja Tunjangan Profesi Guru (TPG) PNSD"
"5.1.01.02.006.00066","Belanja Tambahan Penghasilan (Tamsil) Guru PNSD"
"5.1.01.04","Belanja Gaji dan Tunjangan DPRD"
"5.1.01.04.001","Belanja Uang Representasi DPRD"
"5.1.01.04.001.00001","Belanja Uang Representasi DPRD"
"5.1.01.04.002","Belanja Tunjangan Keluarga DPRD"
"5.1.01.04.002.00001","Belanja Tunjangan Keluarga DPRD"
"5.1.01.04.003","Belanja Tunjangan Beras DPRD"
"5.1.01.04.003.00001","Belanja Tunjangan Beras DPRD"
"5.1.01.04.004","Belanja Uang Paket DPRD"
"5.1.01.04.004.00001","Belanja Uang Paket DPRD"
"5.1.01.04.005","Belanja Tunjangan Jabatan DPRD"
"5.1.01.04.005.00001","Belanja Tunjangan Jabatan DPRD"
"5.1.01.04.006","Belanja Tunjangan Alat Kelengkapan DPRD"
"5.1.01.04.006.00001","Belanja Tunjangan Alat Kelengkapan DPRD"
"5.1.01.04.007","Belanja Tunjangan Alat Kelengkapan Lainnya DPRD"
"5.1.01.04.007.00001","Belanja Tunjangan Alat Kelengkapan Lainnya DPRD"
"5.1.01.04.008","Belanja Tunjangan Komunikasi Intensif Pimpinan dan Anggota DPRD"
"5.1.01.04.008.00001","Belanja Tunjangan Komunikasi Intensif Pimpinan dan Anggota DPRD"
"5.1.01.04.009","Belanja Tunjangan Reses DPRD"
"5.1.01.04.009.00001","Belanja Tunjangan Reses DPRD"
"5.1.01.04.010","Belanja Pembebanan PPh kepada Pimpinan dan Anggota DPRD"
"5.1.01.04.010.00001","Belanja Pembebanan PPh kepada Pimpinan dan Anggota DPRD"
"5.1.01.04.012","Belanja Tunjangan Kesejahteraan Pimpinan dan Anggota DPRD"
"5.1.01.04.012.00001","Belanja Iuran Jaminan Kesehatan bagi DPRD"
"5.1.01.04.012.00002","Belanja Jaminan Kecelakaan Kerja DPRD"
"5.1.01.04.012.00003","Belanja Jaminan Kematian DPRD"
"5.1.01.04.012.00004","Belanja Tunjangan Perumahan DPRD"
"5.1.01.04.013","Belanja Tunjangan Transportasi DPRD"
"5.1.01.04.013.00001","Belanja Tunjangan Transportasi DPRD"
"5.1.01.04.014","Belanja Uang Jasa Pengabdian DPRD"
"5.1.01.04.014.00001","Belanja Uang Jasa Pengabdian DPRD"
"5.1.01.05","Belanja Gaji dan Tunjangan KDH/WKDH"
"5.1.01.05.001","Belanja Gaji Pokok KDH/WKDH"
"5.1.01.05.001.00001","Belanja Gaji Pokok KDH/WKDH"
"5.1.01.05.002","Belanja Tunjangan Keluarga KDH/WKDH"
"5.1.01.05.002.00001","Belanja Tunjangan Keluarga KDH/WKDH"
"5.1.01.05.003","Belanja Tunjangan Jabatan KDH/WKDH"
"5.1.01.05.003.00001","Belanja Tunjangan Jabatan KDH/WKDH"
"5.1.01.05.004","Belanja Tunjangan Beras KDH/WKDH"
"5.1.01.05.004.00001","Belanja Tunjangan Beras KDH/WKDH"
"5.1.01.05.005","Belanja Tunjangan PPh/Tunjangan Khusus KDH/WKDH"
"5.1.01.05.005.00001","Belanja Tunjangan PPh/Tunjangan Khusus KDH/WKDH"
"5.1.01.05.006","Belanja Pembulatan Gaji KDH/WKDH"
"5.1.01.05.006.00001","Belanja Pembulatan Gaji KDH/WKDH"
"5.1.01.05.007","Belanja Iuran Jaminan Kesehatan bagi KDH/WKDH"
"5.1.01.05.007.00001","Belanja Iuran Jaminan Kesehatan bagi KDH/WKDH"
"5.1.01.05.008","Belanja Iuran Jaminan Kecelakaan Kerja KDH/WKDH"
"5.1.01.05.008.00001","Belanja Iuran Jaminan Kecelakaan Kerja KDH/WKDH"
"5.1.01.05.009","Belanja Iuran Jaminan Kematian KDH/WKDH"
"5.1.01.05.009.00001","Belanja Iuran Jaminan Kematian KDH/WKDH"
"5.1.01.06","Belanja Penerimaan Lainnya Pimpinan DPRD serta KDH/WKDH"
"5.1.01.06.001","Belanja Dana Operasional Pimpinan DPRD"
"5.1.01.06.001.00001","Belanja Dana Operasional Pimpinan DPRD"
"5.1.01.06.002","Belanja Dana Operasional KDH/WKDH"
"5.1.01.06.002.00001","Belanja Dana Operasional KDH/WKDH"
"5.1.02","Belanja Barang dan Jasa"
"5.1.02.01","Belanja Barang"
"5.1.02.01.001","Belanja Barang Pakai Habis"
"5.1.02.01.001.00001","Belanja Bahan-Bahan Bangunan dan Konstruksi"
"5.1.02.01.001.00002","Belanja Bahan-Bahan Kimia"
"5.1.02.01.001.00004","Belanja Bahan-Bahan Bakar dan Pelumas"
"5.1.02.01.001.00008","Belanja Bahan-Bahan/Bibit Tanaman"
"5.1.02.01.001.00010","Belanja Bahan-Isi Tabung Gas"
"5.1.02.01.001.00011","Belanja Bahan-Bahan/Bibit Ternak/Bibit Ikan"
"5.1.02.01.001.00012","Belanja Bahan-Bahan Lainnya"
"5.1.02.01.001.00013","Belanja Suku Cadang-Suku Cadang Alat Angkutan"
"5.1.02.01.001.00020","Belanja Suku Cadang-Suku Cadang Alat Bengkel"
"5.1.02.01.001.00024","Belanja Alat/Bahan untuk Kegiatan Kantor-Alat Tulis Kantor"
"5.1.02.01.001.00025","Belanja Alat/Bahan untuk Kegiatan Kantor-Kertas dan Cover"
"5.1.02.01.001.00026","Belanja Alat/Bahan untuk Kegiatan Kantor-Bahan Cetak"
"5.1.02.01.001.00027","Belanja Alat/Bahan untuk Kegiatan Kantor-Benda Pos"
"5.1.02.01.001.00029","Belanja Alat/Bahan untuk Kegiatan Kantor-Bahan Komputer"
"5.1.02.01.001.00030","Belanja Alat/Bahan untuk Kegiatan Kantor-Perabot Kantor"
"5.1.02.01.001.00031","Belanja Alat/Bahan untuk Kegiatan Kantor-Alat Listrik"
"5.1.02.01.001.00032","Belanja Alat/Bahan untuk Kegiatan Kantor-Perlengkapan Dinas"
"5.1.02.01.001.00034","Belanja Alat/Bahan untuk Kegiatan Kantor-Perlengkapan Pendukung Olahraga"
"5.1.02.01.001.00035","Belanja Alat/Bahan untuk Kegiatan Kantor-Suvenir/Cendera Mata"
"5.1.02.01.001.00036","Belanja Alat/Bahan untuk Kegiatan Kantor-Alat/Bahan untuk Kegiatan Kantor Lainnya"
"5.1.02.01.001.00038","Belanja Obat-Obatan-Obat-Obatan Lainnya"
"5.1.02.01.001.00039","Belanja Barang untuk Dijual/Diserahkan kepada Masyarakat"
"5.1.02.01.001.00040","Belanja Barang untuk Dijual/Diserahkan kepada Pihak Ketiga/Pihak Lain"
"5.1.02.01.001.00043","Belanja Natura dan Pakan-Natura"
"5.1.02.01.001.00044","Belanja Natura dan Pakan-Pakan"
"5.1.02.01.001.00052","Belanja Makanan dan Minuman Rapat"
"5.1.02.01.001.00053","Belanja Makanan dan Minuman Jamuan Tamu"
"5.1.02.01.001.00056","Belanja Makanan dan Minuman pada Fasilitas Pelayanan Urusan Kesehatan"
"5.1.02.01.001.00058","Belanja Makanan dan Minuman Aktivitas Lapangan"
"5.1.02.01.001.00059","Belanja Pakaian Dinas KDH dan WKDH"
"5.1.02.01.001.00060","Belanja Pakaian Dinas dan Atribut Pimpinan dan Anggota DPRD"
"5.1.02.01.001.00061","Belanja Pakaian Sipil Harian (PSH)"
"5.1.02.01.001.00063","Belanja Pakaian Dinas Harian (PDH)"
"5.1.02.01.001.00064","Belanja Pakaian Dinas Lapangan (PDL)"
"5.1.02.01.001.00066","Belanja Pakaian Dinas Upacara (PDU)"
"5.1.02.01.001.00067","Belanja Pakaian Penyelamatan"
"5.1.02.01.001.00068","Belanja Pakaian Siaga"
"5.1.02.01.001.00074","Belanja Pakaian Adat Daerah"
"5.1.02.01.001.00075","Belanja Pakaian Batik Tradisional"
"5.1.02.01.001.00076","Belanja Pakaian Olahraga"
"5.1.02.01.004","Belanja Aset Tetap yang Tidak Memenuhi Kriteria Kapitalisasi"
"5.1.02.01.004.00404","Belanja Peralatan dan
Mesin-Komputer-Komputer Unit-Komputer Jaringan"
"5.1.02.01.004.00505","Belanja Peralatan dan Mesin-Peralatan Olahraga-Peralatan Olahraga-Peralatan Permainan"
"5.1.02.01.004.00545","Belanja Gedung dan Bangunan-Bangunan Gedung-Bangunan Gedung Tempat Kerja-Taman"
"5.1.02.02","Belanja Jasa"
"5.1.02.02.001","Belanja Jasa Kantor"
"5.1.02.02.001.00001","Belanja Jasa Pengelolaan BMD yang Tidak Menghasilkan Pendapatan"
"5.1.02.02.001.00003","Honorarium Narasumber atau Pembahas, Moderator, Pembawa Acara, dan Panitia"
"5.1.02.02.001.00004","Honorarium Tim Pelaksana Kegiatan dan Sekretariat Tim Pelaksana Kegiatan"
"5.1.02.02.001.00005","Honorarium Pemberi Keterangan Ahli, Saksi Ahli, dan Beracara"
"5.1.02.02.001.00008","Honorarium Tim Penyusunan Jurnal, Buletin, Majalah, Pengelola Teknologi Informasi dan Pengelola Website"
"5.1.02.02.001.00011","Honorarium Penyelenggaraan Kegiatan Pendidikan dan Pelatihan"
"5.1.02.02.001.00012","Honorarium Tim Anggaran Pemerintah Daerah"
"5.1.02.02.001.00013","Belanja Jasa Tenaga Pendidikan"
"5.1.02.02.001.00014","Belanja Jasa Tenaga Kesehatan"
"5.1.02.02.001.00015","Belanja Jasa Tenaga Laboratorium"
"5.1.02.02.001.00016","Belanja Jasa Tenaga Penanganan Prasarana dan Sarana Umum"
"5.1.02.02.001.00018","Belanja Jasa Tenaga Pemadam Kebakaran dan Penyelamatan"
"5.1.02.02.001.00019","Belanja Jasa Tenaga Penanganan Bencana"
"5.1.02.02.001.00020","Belanja Jasa Tenaga Penanganan Sosial"
"5.1.02.02.001.00021","Belanja Jasa Tenaga Sumber Daya Air"
"5.1.02.02.001.00022","Belanja Jasa Tenaga Perhubungan"
"5.1.02.02.001.00023","Belanja Jasa Tenaga Teknis Pertanian dan Pangan"
"5.1.02.02.001.00025","Belanja Jasa Tenaga Kesenian dan Kebudayaan"
"5.1.02.02.001.00026","Belanja Jasa Tenaga Administrasi"
"5.1.02.02.001.00027","Belanja Jasa Tenaga Operator Komputer"
"5.1.02.02.001.00028","Belanja Jasa Tenaga Pelayanan Umum"
"5.1.02.02.001.00029","Belanja Jasa Tenaga Ahli"
"5.1.02.02.001.00030","Belanja Jasa Tenaga Kebersihan"
"5.1.02.02.001.00031","Belanja Jasa Tenaga Keamanan"
"5.1.02.02.001.00033","Belanja Jasa Tenaga Supir"
"5.1.02.02.001.00035","Belanja Jasa Tenaga Teknisi Mekanik dan Listrik"
"5.1.02.02.001.00037","Belanja Jasa Juri Perlombaan/Pertandingan"
"5.1.02.02.001.00038","Belanja Jasa Tata Rias"
"5.1.02.02.001.00046","Belanja Jasa Konversi Aplikasi/Sistem Informasi"
"5.1.02.02.001.00047","Belanja Jasa Penyelenggaraan Acara"
"5.1.02.02.001.00048","Belanja Jasa Kontribusi Asosiasi"
"5.1.02.02.001.00050","Belanja Jasa Kalibrasi"
"5.1.02.02.001.00053","Belanja Jasa Pengukuran Tanah"
"5.1.02.02.001.00055","Belanja Jasa Iklan/Reklame, Film, dan Pemotretan"
"5.1.02.02.001.00059","Belanja Tagihan Telepon"
"5.1.02.02.001.00060","Belanja Tagihan Air"
"5.1.02.02.001.00061","Belanja Tagihan Listrik"
"5.1.02.02.001.00063","Belanja Kawat/Faksimili/Internet/TV Berlangganan"
"5.1.02.02.001.00064","Belanja Paket/Pengiriman"
"5.1.02.02.001.00067","Belanja Pembayaran Pajak, Bea, dan Perizinan"
"5.1.02.02.001.00071","Belanja Lembur"
"5.1.02.02.001.00073","Belanja Medical Check Up"
"5.1.02.02.001.00080","Belanja Honorarium Penanggungjawaban Pengelola Keuangan"
"5.1.02.02.001.00082","Belanja Honorarium Perangkat Unit Kerja Pengadaan Barang dan Jasa (UKPBJ)"
"5.1.02.02.001.00083","Belanja jasa Pegawai Pemerintah dengan Perjanjian Kerja (PPPK) Paruh Waktu pada jabatan guru"
"5.1.02.02.001.00085","Belanja jasa Pegawai Pemerintah dengan Perjanjian Kerja (PPPK) Paruh Waktu pada jabatan tenaga kesehatan"
"5.1.02.02.001.00086","Belanja jasa Pegawai Pemerintah dengan Perjanjian Kerja (PPPK) Paruh Waktu pada jabatan tenaga teknis"
"5.1.02.02.002","Belanja Iuran Jaminan/Asuransi"
"5.1.02.02.002.00001","Belanja Iuran Jaminan Kesehatan bagi Kepala Desa dan Perangkat Desa"
"5.1.02.02.002.00003","Belanja Iuran Jaminan Kesehatan bagi Peserta PBPU dan BP Kelas 3"
"5.1.02.02.002.00004","Belanja Bantuan Iuran Jaminan Kesehatan bagi Peserta PBPU dan BP Kelas 3"
"5.1.02.02.002.00005","Belanja Iuran Jaminan Kesehatan bagi Non ASN"
"5.1.02.02.004","Belanja Sewa Peralatan dan Mesin"
"5.1.02.02.004.00036","Belanja Sewa Kendaraan Bermotor Penumpang"
"5.1.02.02.004.00037","Belanja Sewa Kendaraan Bermotor Angkutan Barang"
"5.1.02.02.004.00117","Belanja Sewa Alat Kantor Lainnya"
"5.1.02.02.004.00118","Belanja Sewa Mebel"
"5.1.02.02.004.00123","Belanja Sewa Alat Rumah Tangga Lainnya (Home Use)"
"5.1.02.02.004.00137","Belanja Sewa Alat Studio Lainnya"
"5.1.02.02.004.00404","Belanja Sewa Komputer Jaringan"
"5.1.02.02.005","Belanja Sewa Gedung dan Bangunan"
"5.1.02.02.005.00007","Belanja Sewa Bangunan Oseanarium/Observatorium"
"5.1.02.02.005.00009","Belanja Sewa Bangunan Gedung Tempat Pertemuan"
"5.1.02.02.005.00010","Belanja Sewa Bangunan Gedung Tempat Pendidikan"
"5.1.02.02.005.00043","Belanja Sewa Hotel"
"5.1.02.02.005.00050","Belanja Sewa Bangunan Gedung Tempat Tinggal Lainnya"
"5.1.02.02.012","Belanja Kursus/Pelatihan, Sosialisasi, Bimbingan Teknis serta Pendidikan dan Pelatihan"
"5.1.02.02.012.00001","Belanja Kursus Singkat/Pelatihan"
"5.1.02.02.012.00002","Belanja Sosialisasi"
"5.1.02.02.018","Belanja Jasa Kerja Sama Pemungutan Retribusi Daerah"
"5.1.02.02.018.00001","Belanja Jasa Kerja Sama Pemungutan Retribusi Jasa Umum-Pelayanan Kesehatan di Puskesmas"
"5.1.02.03","Belanja Pemeliharaan"
"5.1.02.03.002","Belanja Pemeliharaan Peralatan dan Mesin"
"5.1.02.03.002.00003","Belanja Pemeliharaan Alat Besar-Alat Besar Darat-Excavator"
"5.1.02.03.002.00010","Belanja Pemeliharaan Alat Besar-Alat Besar Darat-Alat Pengangkat"
"5.1.02.03.002.00034","Belanja Pemeliharaan Alat Besar-Alat Bantu-Alat Bantu Lainnya"
"5.1.02.03.002.00036","Belanja Pemeliharaan Alat Angkutan-Alat Angkutan Darat Bermotor-Kendaraan Bermotor Penumpang"
"5.1.02.03.002.00117","Belanja Pemeliharaan Alat Kantor dan Rumah Tangga-Alat Kantor-Alat Kantor Lainnya"
"5.1.02.03.002.00347","Belanja Pemeliharaan Alat Laboratorium-Alat Laboratorium Lingkungan Hidup-Laboratorium Lingkungan"
"5.1.02.03.003","Belanja Pemeliharaan Gedung dan Bangunan"
"5.1.02.03.003.00001","Belanja Pemeliharaan Bangunan Gedung-Bangunan Gedung Tempat Kerja-Bangunan Gedung Kantor"
"5.1.02.03.003.00005","Belanja Pemeliharaan Bangunan Gedung-Bangunan Gedung Tempat Kerja-Bangunan Gedung Laboratorium"
"5.1.02.03.003.00032","Belanja Pemeliharaan Bangunan Gedung-Bangunan Gedung Tempat Kerja-Bangunan Fasilitas Umum"
"5.1.02.03.004","Belanja Pemeliharaan Jalan, Jaringan, dan Irigasi"
"5.1.02.03.004.00004","Belanja Pemeliharaan Jalan dan Jembatan-Jalan-Jalan Kota"
"5.1.02.03.004.00005","Belanja Pemeliharaan Jalan dan Jembatan-Jalan-Jalan Desa"
"5.1.02.03.004.00014","Belanja Pemeliharaan Jalan dan
Jembatan-Jembatan-Jembatan pada Jalan Kota"
"5.1.02.03.004.00026","Belanja Pemeliharaan Bangunan Air-Bangunan Air Irigasi-Bangunan Pembawa Irigasi"
"5.1.02.03.004.00048","Belanja Pemeliharaan Bangunan Air-Bangunan Pengaman Sungai/Pantai dan Penanggulangan Bencana Alam-Bangunan Pengaman Sungai/Pantai dan Penanggulangan Bencana Alam"
"5.1.02.03.004.00051","Belanja Pemeliharaan Bangunan Air-Bangunan Pengaman Sungai/Pantai dan Penanggulangan Bencana Alam-Bangunan Pembuang Pengaman Sungai"
"5.1.02.03.004.00083","Belanja Pemeliharaan Instalasi-Instalasi Air Kotor-Instalasi Air Kotor Lainnya"
"5.1.02.04","Belanja Perjalanan Dinas"
"5.1.02.04.001","Belanja Perjalanan Dinas Dalam Negeri"
"5.1.02.04.001.00001","Belanja Perjalanan Dinas Biasa"
"5.1.02.04.001.00003","Belanja Perjalanan Dinas Dalam Kota"
"5.1.02.04.001.00004","Belanja Perjalanan Dinas Paket Meeting Dalam Kota"
"5.1.02.05","Belanja Uang dan/atau Jasa untuk Diberikan kepada Pihak Ketiga/Pihak Lain/Masyarakat"
"5.1.02.05.001","Belanja Uang yang Diberikan kepada Pihak Ketiga/Pihak Lain/Masyarakat"
"5.1.02.05.001.00001","Belanja Hadiah yang Bersifat Perlombaan"
"5.1.02.05.001.00002","Belanja Penghargaan atas Suatu Prestasi"
"5.1.02.05.001.00003","Belanja Beasiswa"
"5.1.02.05.001.00008","Belanja Uang yang Diberikan kepada RT atau dengan Sebutan Lain"
"5.1.02.05.001.00009","Belanja Uang yang Diberikan kepada RW atau dengan Sebutan Lain"
"5.1.02.05.001.00011","Belanja Uang yang Diberikan kepada Lembaga Pemberdayaan Masyarakat"
"5.1.02.05.001.00012","Belanja Uang yang Diberikan kepada Posyandu"
"5.1.02.05.002","Belanja Jasa yang Diberikan kepada Pihak Ketiga/Pihak Lain/Masyarakat"
"5.1.02.05.002.00001","Belanja Jasa yang Diberikan kepada Pihak Ketiga/Pihak Lain"
"5.1.02.05.002.00002","Belanja Jasa yang Diberikan kepada Masyarakat"
"5.1.02.89","Belanja Barang dan Jasa BOSP"
"5.1.02.89.001","Belanja Barang dan Jasa BOSP-BOS"
"5.1.02.89.001.00001","Belanja Barang dan Jasa BOSP-BOS Reguler"
"5.1.02.89.001.00002","Belanja Barang dan Jasa BOSP-BOS Kinerja"
"5.1.02.89.002","Belanja Barang dan Jasa BOSP-BOP PAUD"
"5.1.02.89.002.00001","Belanja Barang dan Jasa BOSP-BOP PAUD Reguler"
"5.1.02.89.003","Belanja Barang dan Jasa BOSP-BOP Kesetaraan"
"5.1.02.89.003.00002","Belanja Barang dan Jasa BOSP-BOP Kesetaraan Kinerja"
"5.1.02.99","Belanja Barang dan Jasa BLUD"
"5.1.02.99.099","Belanja Barang dan Jasa BLUD"
"5.1.02.99.099.09999","Belanja Barang dan Jasa BLUD"
"5.1.05","Belanja Hibah"
"5.1.05.05","Belanja Hibah kepada Badan, Lembaga, Organisasi Kemasyarakatan yang Berbadan Hukum Indonesia"
"5.1.05.05.001","Belanja Hibah kepada Badan dan Lembaga yang Bersifat Nirlaba, Sukarela dan Sosial yang Dibentuk Berdasarkan Peraturan
Perundang-Undangan"
"5.1.05.05.001.00001","Belanja Hibah Uang kepada Badan dan Lembaga yang Bersifat Nirlaba, Sukarela dan Sosial yang Dibentuk Berdasarkan Peraturan
Perundang-Undangan"
"5.1.05.07","Belanja Hibah Bantuan Keuangan kepada Partai Politik"
"5.1.05.07.001","Belanja Hibah Bantuan Keuangan kepada Partai Politik"
"5.1.05.07.001.00001","Belanja Hibah berupa Bantuan Keuangan kepada Partai Politik"
"5.1.05.08","Belanja Hibah Dana BOSP"
"5.1.05.08.001","Belanja Hibah Dana BOSP-BOS"
"5.1.05.08.001.00001","Belanja Hibah Dana BOSP-BOS"
"5.1.05.08.002","Belanja Hibah Dana BOSP-BOP PAUD"
"5.1.05.08.002.00001","Belanja Hibah Dana BOSP-BOP PAUD"
"5.1.05.08.003","Belanja Hibah Dana BOSP-BOP Kesetaraan"
"5.1.05.08.003.00001","Belanja Hibah Dana BOSP-BOP Kesetaraan"
"5.1.06","Belanja Bantuan Sosial"
"5.1.06.04","Belanja Bantuan Sosial kepada Lembaga Non Pemerintahan (Bidang Pendidikan, Keagamaan dan Bidang Lainnya)"
"5.1.06.04.001","Belanja Bantuan Sosial Uang yang direncanakan kepada Lembaga Non Pemerintahan (Bidang Pendidikan, Keagamaan dan Bidang Lainnya)"
"5.1.06.04.001.00001","Belanja Bantuan Sosial Uang yang Direncanakan kepada Lembaga Non Pemerintahan (Bidang Pendidikan, Keagamaan dan Bidang Lainnya)"
"5.2","BELANJA MODAL"
"5.2.01","Belanja Modal Tanah"
"5.2.01.01","Belanja Modal Tanah"
"5.2.01.01.001","Belanja Modal Tanah Persil"
"5.2.01.01.001.00007","Belanja Modal Tanah Persil Lainnya"
"5.2.02","Belanja Modal Peralatan dan Mesin"
"5.2.02.01","Belanja Modal Alat Besar"
"5.2.02.01.003","Belanja Modal Alat Bantu"
"5.2.02.01.003.00005","Belanja Modal Pompa"
"5.2.02.02","Belanja Modal Alat Angkutan"
"5.2.02.02.002","Belanja Modal Alat Angkutan Darat Tak Bermotor"
"5.2.02.02.002.00004","Belanja Modal Alat Angkutan Darat Tak Bemotor Lainnya"
"5.2.02.03","Belanja Modal Alat Bengkel dan Alat Ukur"
"5.2.02.03.001","Belanja Modal Alat Bengkel Bermesin"
"5.2.02.03.001.00010","Belanja Modal Alat Bengkel Bermesin Lainnya"
"5.2.02.03.003","Belanja Modal Alat Ukur"
"5.2.02.03.003.00010","Belanja Modal Alat Timbangan/Biara"
"5.2.02.05","Belanja Modal Alat Kantor dan Rumah Tangga"
"5.2.02.05.001","Belanja Modal Alat Kantor"
"5.2.02.05.001.00005","Belanja Modal Alat Kantor Lainnya"
"5.2.02.05.002","Belanja Modal Alat Rumah Tangga"
"5.2.02.05.002.00001","Belanja Modal Mebel"
"5.2.02.05.002.00003","Belanja Modal Alat Pembersih"
"5.2.02.05.002.00004","Belanja Modal Alat Pendingin"
"5.2.02.05.002.00006","Belanja Modal Alat Rumah Tangga Lainnya (Home Use)"
"5.2.02.05.003","Belanja Modal Meja dan Kursi Kerja/Rapat Pejabat"
"5.2.02.05.003.00001","Belanja Modal Meja Kerja Pejabat"
"5.2.02.05.003.00003","Belanja Modal Kursi Kerja Pejabat"
"5.2.02.05.003.00004","Belanja Modal Kursi Rapat Pejabat"
"5.2.02.05.003.00006","Belanja Modal Kursi Tamu di Ruangan Pejabat"
"5.2.02.05.003.00007","Belanja Modal Lemari dan Arsip Pejabat"
"5.2.02.06","Belanja Modal Alat Studio, Komunikasi, dan Pemancar"
"5.2.02.06.001","Belanja Modal Alat Studio"
"5.2.02.06.001.00001","Belanja Modal Peralatan Studio Audio"
"5.2.02.06.001.00002","Belanja Modal Peralatan Studio Video dan Film"
"5.2.02.06.001.00004","Belanja Modal Peralatan Cetak"
"5.2.02.06.001.00006","Belanja Modal Alat Studio Lainnya"
"5.2.02.06.002","Belanja Modal Alat Komunikasi"
"5.2.02.06.002.00001","Belanja Modal Alat Komunikasi Telephone"
"5.2.02.07","Belanja Modal Alat Kedokteran dan Kesehatan"
"5.2.02.07.002","Belanja Modal Alat Kesehatan Umum"
"5.2.02.07.002.00005","Belanja Modal Alat Kesehatan Umum Lainnya"
"5.2.02.10","Belanja Modal Komputer"
"5.2.02.10.001","Belanja Modal Komputer Unit"
"5.2.02.10.001.00002","Belanja Modal Personal Computer"
"5.2.02.10.001.00003","Belanja Modal Komputer Unit Lainnya"
"5.2.02.10.002","Belanja Modal Peralatan Komputer"
"5.2.02.10.002.00005","Belanja Modal Peralatan Komputer Lainnya"
"5.2.02.18","Belanja Modal Rambu-Rambu"
"5.2.02.18.001","Belanja Modal Rambu-Rambu Lalu Lintas Darat"
"5.2.02.18.001.00001","Belanja Modal Rambu Bersuar"
"5.2.02.19","Belanja Modal Peralatan Olahraga"
"5.2.02.19.001","Belanja Modal Peralatan Olahraga"
"5.2.02.19.001.00002","Belanja Modal Peralatan Permainan"
"5.2.02.99","Belanja Modal Peralatan dan Mesin BLUD"
"5.2.02.99.099","Belanja Modal Peralatan dan Mesin BLUD"
"5.2.02.99.099.09999","Belanja Modal Peralatan dan Mesin BLUD"
"5.2.03","Belanja Modal Gedung dan Bangunan"
"5.2.03.01","Belanja Modal Bangunan Gedung"
"5.2.03.01.001","Belanja Modal Bangunan Gedung Tempat Kerja"
"5.2.03.01.001.00001","Belanja Modal Bangunan Gedung Kantor"
"5.2.03.01.001.00006","Belanja Modal Bangunan Kesehatan"
"5.2.03.01.001.00010","Belanja Modal Bangunan Gedung Tempat Pendidikan"
"5.2.03.99","Belanja Modal Gedung dan Bangunan BLUD"
"5.2.03.99.099","Belanja Modal Gedung dan Bangunan BLUD"
"5.2.03.99.099.09999","Belanja Modal Gedung dan Bangunan BLUD"
"5.2.04","Belanja Modal Jalan, Jaringan, dan Irigasi"
"5.2.04.01","Belanja Modal Jalan dan Jembatan"
"5.2.04.01.001","Belanja Modal Jalan"
"5.2.04.01.001.00004","Belanja Modal Jalan Kota"
"5.2.04.01.001.00005","Belanja Modal Jalan Desa"
"5.2.04.01.002","Belanja Modal Jembatan"
"5.2.04.01.002.00004","Belanja Modal Jembatan pada Jalan Kota"
"5.2.04.02","Belanja Modal Bangunan Air"
"5.2.04.02.001","Belanja Modal Bangunan Air Irigasi"
"5.2.04.02.001.00003","Belanja Modal Bangunan Pembawa Irigasi"
"5.2.04.02.004","Belanja Modal Bangunan Pengaman Sungai/Pantai dan Penanggulangan Bencana Alam"
"5.2.04.02.004.00004","Belanja Modal Bangunan Pembuang Pengaman Sungai"
"5.2.04.02.004.00005","Belanja Modal Bangunan Pengaman Pengamanan Sungai/Pantai"
"5.2.05","Belanja Modal Aset Tetap Lainnya"
"5.2.05.07","Belanja Modal Aset Tetap Dalam Renovasi"
"5.2.05.07.001","Belanja Modal Aset Tetap Dalam Renovasi"
"5.2.05.07.001.00001","Belanja Modal Aset Tetap Dalam Renovasi"
"5.2.05.89","Belanja Modal Aset Tetap Lainnya BOSP"
"5.2.05.89.001","Belanja Modal Aset Tetap Lainnya BOSP-BOS"
"5.2.05.89.001.00001","Belanja Modal Aset Tetap Lainnya BOSP-BOS Reguler"
"5.2.06","Belanja Modal Aset Lainnya"
"5.2.06.99","Belanja Modal Aset Lainnya BLUD"
"5.2.06.99.099","Belanja Modal Aset Lainnya BLUD"
"5.2.06.99.099.09999","Belanja Modal Aset Lainnya BLUD"
"5.3","BELANJA TIDAK TERDUGA"
"5.3.01","Belanja Tidak Terduga"
"5.3.01.01","Belanja Tidak Terduga"
"5.3.01.01.001","Belanja Tidak Terduga"
"5.3.01.01.001.00001","Belanja Tidak Terduga"
"5.4","BELANJA TRANSFER"
"5.4.01","Belanja Bagi Hasil"
"5.4.01.02","Belanja Bagi Hasil Retribusi Daerah Kabupaten/Kota Kepada Pemerintah Desa"
"5.4.01.02.001","Belanja Bagi Hasil Retribusi Daerah Kabupaten/Kota Kepada Pemerintah Desa"
"5.4.01.02.001.00001","Belanja Bagi Hasil Retribusi Daerah Kabupaten/Kota Kepada Pemerintah Desa"
"5.4.02","Belanja Bantuan Keuangan"
"5.4.02.01","Belanja Bantuan Keuangan antar Daerah Provinsi"
"5.4.02.01.002","Belanja Bantuan Keuangan Khusus antar Daerah Provinsi"
"5.4.02.01.002.00001","Belanja Bantuan Keuangan Khusus kepada Pemerintah Provinsi"
"5.4.02.03","Belanja Bantuan Keuangan Daerah Provinsi ke Kabupaten/Kota"
"5.4.02.03.002","Belanja Bantuan Keuangan Khusus Daerah Provinsi ke Kabupaten/Kota"
"5.4.02.03.002.00001","Belanja Bantuan Keuangan Khusus Daerah Provinsi ke Kabupaten/Kota"
"5.4.02.05","Belanja Bantuan Keuangan Daerah Provinsi atau Kabupaten/Kota kepada Desa"
"5.4.02.05.002","Belanja Bantuan Keuangan Khusus Daerah Provinsi atau Kabupaten/Kota kepada Desa"
"5.4.02.05.002.00002","Belanja Bantuan Keuangan Khusus Provinsi kepada Desa"
"5.4.02.05.002.00004","Belanja Bantuan Keuangan Khusus Kabupaten/Kota kepada Desa yang bersumber dari Dana Desa"
"5.4.02.05.002.00005","Belanja Bantuan Keuangan Khusus Kabupaten/Kota kepada Desa yang bersumber dari Alokasi Dana Desa"
"6","PEMBIAYAAN DAERAH"
"6.1","PENERIMAAN PEMBIAYAAN"
"6.1.01","Sisa Lebih Perhitungan Anggaran Tahun Sebelumnya"
"6.1.01.05","Penghematan Belanja"
"6.1.01.05.001","Penghematan Belanja-Belanja Operasi"
"6.1.01.05.001.00001","Penghematan Belanja Pegawai-Gaji dan Tunjangan ASN"
"6.1.01.05.001.00010","Penghematan Belanja Barang dan Jasa-Perjalanan Dinas"
"","Pembiayaan Netto"
"6.3","Sisa Lebih Pembiayaan Anggaran Daerah Tahun Berkenaan (SILPA)"
